Frequency_Hz,OUT_Vpk,OUT_Vpp_50ohm,OUT_rel_dB,OUT_Phase_deg,OP_OUT_Vpk,PIN_Vpk,NIN_Vpk
10000,0.79805964,1.59611928,-0.00825228130756,-0.0003122828,1.5971339,0.1722226,0.17113532
10193.734,0.79806018,1.59612036,-0.00824640407912,-0.00032176015,1.5971349,0.1722226,0.17113556
10391.223,0.79806072,1.59612144,-0.00824052685465,-0.00033162232,1.597136,0.1722226,0.1711358
10592.537,0.79806131,1.59612262,-0.00823410544727,-0.00034188846,1.5971372,0.1722226,0.17113604
10797.752,0.79806191,1.59612382,-0.00822757520735,-0.00035257882,1.5971384,0.1722226,0.17113629
11006.941,0.7980625,1.596125,-0.00822115380956,-0.00036371471,1.5971396,0.1722226,0.17113656
11220.185,0.79806316,1.59612632,-0.00821397055663,-0.00037531869,1.5971409,0.1722226,0.17113684
11437.559,0.79806381,1.59612762,-0.00820689614667,-0.00038741446,1.5971422,0.1722226,0.17113713
11659.144,0.79806453,1.59612906,-0.00819905988391,-0.00040002706,1.5971437,0.17222258,0.17113742
11885.022,0.79806525,1.5961305,-0.00819122362821,-0.00041318293,1.5971451,0.17222258,0.17113774
12115.276,0.79806596,1.59613192,-0.00818349621632,-0.00042690998,1.5971466,0.17222258,0.17113806
12349.992,0.79806674,1.59613348,-0.00817500695485,-0.00044123753,1.5971482,0.17222258,0.17113839
12589.254,0.79806757,1.59613514,-0.00816597351906,-0.00045619659,1.5971497,0.17222258,0.17113875
12833.152,0.7980684,1.5961368,-0.00815694009267,-0.00047181997,1.5971514,0.17222258,0.17113911
13081.774,0.7980693,1.5961386,-0.00814714482165,-0.0004881421,1.5971532,0.17222258,0.17113948
13335.214,0.79807019,1.59614038,-0.00813745839785,-0.00050519949,1.597155,0.17222258,0.17113987
13593.563,0.79807115,1.5961423,-0.00812701013259,-0.00052303044,1.5971569,0.17222258,0.17114027
13856.919,0.7980721,1.5961442,-0.00811667071581,-0.00054167559,1.5971588,0.17222258,0.17114069
14125.375,0.79807311,1.59614622,-0.00810567829672,-0.00056117768,1.5971608,0.17222258,0.17114113
14399.033,0.79807413,1.59614826,-0.00809457705592,-0.00058158177,1.597163,0.17222258,0.17114158
14677.993,0.79807526,1.59615052,-0.00808227863905,-0.00060293549,1.5971651,0.17222258,0.17114204
14962.356,0.79807639,1.59615278,-0.0080699802396,-0.00062528902,1.5971674,0.17222258,0.17114253
15252.229,0.79807752,1.59615504,-0.00805768185756,-0.00064869536,1.5971698,0.17222258,0.17114304
15547.719,0.79807878,1.59615756,-0.00804396863794,-0.00067321036,1.5971721,0.17222258,0.17114356
15848.932,0.79808003,1.59616006,-0.00803036427479,-0.00069889288,1.5971746,0.17222258,0.1711441
16155.981,0.79808134,1.59616268,-0.00801610692507,-0.00072580515,1.5971773,0.17222258,0.17114467
16468.979,0.79808271,1.59616542,-0.00800119659201,-0.00075401272,1.59718,0.17222258,0.17114526
16788.041,0.79808408,1.59616816,-0.00798628628454,-0.00078358464,1.5971829,0.17222258,0.17114586
17113.283,0.79808557,1.59617114,-0.0079700699938,-0.00081459385,1.5971859,0.17222258,0.1711465
17444.826,0.79808712,1.59617424,-0.00795320073019,-0.00084711717,1.5971888,0.17222258,0.17114714
17782.795,0.79808867,1.59617734,-0.00793633149934,-0.00088123569,1.597192,0.17222258,0.17114783
18127.309,0.79809028,1.59618056,-0.00791880930069,-0.00091703493,1.5971953,0.17222258,0.17114853
18478.498,0.79809201,1.59618402,-0.00789998113906,-0.00095460471,1.5971986,0.17222259,0.17114926
18836.49,0.79809374,1.59618748,-0.00788115301825,-0.00099404028,1.5972022,0.17222259,0.17115002
19201.42,0.79809558,1.59619116,-0.00786112777847,-0.0010354414,1.5972059,0.17222259,0.17115081
19573.418,0.79809749,1.59619498,-0.00784034075775,-0.0010789137,1.5972096,0.17222259,0.17115161
19952.623,0.79809946,1.59619892,-0.00781890079373,-0.0011245683,1.5972135,0.17222259,0.17115246
20339.176,0.79810149,1.59620298,-0.00779680789125,-0.0011725223,1.5972176,0.17222259,0.17115334
20733.215,0.79810357,1.59620714,-0.00777417088689,-0.0012228988,1.5972219,0.17222259,0.17115425
21134.891,0.79810578,1.59621156,-0.00775011913441,-0.001275828,1.5972261,0.17222259,0.17115519
21544.348,0.79810804,1.59621608,-0.0077255232935,-0.0013314462,1.5972307,0.17222259,0.17115616
21961.736,0.79811037,1.59622074,-0.00770016570744,-0.001389898,1.5972354,0.17222259,0.17115717
22387.211,0.79811281,1.59622562,-0.00767361106147,-0.0014513346,1.5972403,0.17222259,0.17115821
22820.93,0.79811531,1.59623062,-0.0076464035166,-0.0015159157,1.5972453,0.17222259,0.1711593
23263.051,0.79811794,1.59623588,-0.00761778127139,-0.0015838092,1.5972506,0.17222259,0.17116042
23713.736,0.79812068,1.59624136,-0.00758796199837,-0.0016551917,1.5972559,0.17222259,0.17116159
24173.154,0.79812348,1.59624696,-0.00755748985432,-0.0017302495,1.5972617,0.17222259,0.1711628
24641.473,0.79812634,1.59625268,-0.00752636484613,-0.0018091777,1.5972674,0.17222259,0.17116405
25118.865,0.79812938,1.59625876,-0.00749328104362,-0.0018921817,1.5972735,0.17222259,0.17116535
25605.504,0.79813248,1.59626496,-0.00745954440109,-0.0019794781,1.5972797,0.17222259,0.17116668
26101.572,0.7981357,1.5962714,-0.00742450196275,-0.0020712934,1.5972861,0.17222259,0.17116808
26607.25,0.79813904,1.59627808,-0.00738815374441,-0.0021678665,1.5972928,0.17222257,0.17116951
27122.727,0.79814249,1.59628498,-0.00735060858876,-0.0022694478,1.5972997,0.17222257,0.171171
27648.188,0.79814607,1.59629214,-0.00731164885969,-0.0023763006,1.5973068,0.17222257,0.17117253
28183.83,0.79814977,1.59629954,-0.00727138340155,-0.0024887012,1.5973144,0.17222257,0.17117413
28729.848,0.79815364,1.59630728,-0.00722926810857,-0.002606939,1.597322,0.17222257,0.17117578
29286.445,0.79815757,1.59631514,-0.00718650007429,-0.0027313189,1.59733,0.17222257,0.17117748
29853.826,0.79816169,1.59632338,-0.00714166460033,-0.0028621593,1.5973381,0.17222257,0.17117925
30432.199,0.79816592,1.59633184,-0.00709563230352,-0.0029997946,1.5973467,0.17222257,0.17118107
31021.777,0.79817033,1.59634066,-0.00704764144533,-0.0031445753,1.5973554,0.17222257,0.17118296
31622.777,0.79817486,1.59634972,-0.00699834498951,-0.0032968687,1.5973644,0.17222257,0.17118492
32235.42,0.79817951,1.59635902,-0.00694774295832,-0.0034570591,1.5973738,0.17222257,0.17118693
32859.934,0.7981844,1.5963688,-0.00689452952739,-0.0036255487,1.5973835,0.17222257,0.17118901
33496.543,0.79818934,1.59637868,-0.00684077232287,-0.0038027589,1.5973935,0.17222257,0.17119116
34145.488,0.79819453,1.59638906,-0.00678429497044,-0.0039891297,1.5974039,0.17222257,0.17119339
34807.008,0.79819989,1.59639978,-0.00672596807093,-0.0041851214,1.5974145,0.17222257,0.17119569
35481.34,0.79820538,1.59641076,-0.0066662269325,-0.004391215,1.5974256,0.17222257,0.17119806
36168.734,0.79821104,1.59642208,-0.00660463631649,-0.0046079128,1.5974369,0.17222256,0.1712005
36869.449,0.79821694,1.59643388,-0.00654043454916,-0.0048357393,1.5974487,0.17222256,0.17120302
37583.742,0.79822296,1.59644592,-0.0064749274723,-0.0050752405,1.5974607,0.17222256,0.17120563
38311.867,0.79822922,1.59645844,-0.00640680934159,-0.005326987,1.5974733,0.17222256,0.17120832
39054.102,0.79823566,1.59647132,-0.00633673310005,-0.0055915732,1.5974861,0.17222256,0.1712111
39810.719,0.79824228,1.59648456,-0.00626469879508,-0.0058696175,1.5974995,0.17222256,0.17121394
40581.988,0.79824913,1.59649826,-0.00619016241656,-0.0061617632,1.5975131,0.17222256,0.17121689
41368.203,0.79825616,1.59651232,-0.00611366808292,-0.0064686802,1.5975273,0.17222256,0.17121992
42169.648,0.79826344,1.59652688,-0.00603445417716,-0.0067910648,1.5975418,0.17222256,0.17122305
42986.625,0.79827089,1.59654178,-0.00595339124405,-0.0071296394,1.5975567,0.17222256,0.17122627
43819.426,0.79827858,1.59655716,-0.00586971768106,-0.0074851537,1.5975721,0.17222256,0.17122957
44668.359,0.79828651,1.59657302,-0.00578343356366,-0.0078583851,1.5975879,0.17222254,0.17123297
45533.742,0.79829467,1.59658934,-0.00569464777521,-0.0082501401,1.5976042,0.17222254,0.17123647
46415.887,0.79830302,1.59660604,-0.00560379561009,-0.0086612533,1.597621,0.17222254,0.17124008
47315.125,0.7983116,1.5966232,-0.00551044192015,-0.009092587,1.5976381,0.17222254,0.17124377
48231.785,0.79832042,1.59664084,-0.00541447798401,-0.0095450331,1.5976558,0.17222254,0.17124757
49166.203,0.79832948,1.59665896,-0.00531590388818,-0.010019512,1.597674,0.17222254,0.17125148
50118.723,0.79833884,1.59667768,-0.0052140669243,-0.010516975,1.5976926,0.17222254,0.17125549
51089.699,0.79834838,1.59669676,-0.0051102727859,-0.011038398,1.5977117,0.17222254,0.1712596
52079.484,0.79835816,1.59671632,-0.0050038687617,-0.011584792,1.5977314,0.17222253,0.1712638
53088.445,0.79836817,1.59673634,-0.00489496374317,-0.012157192,1.5977514,0.17222253,0.17126812
54116.953,0.79837849,1.59675698,-0.00478268747129,-0.012756659,1.597772,0.17222253,0.17127255
55165.387,0.79838904,1.59677808,-0.00466791041832,-0.013384288,1.5977931,0.17222253,0.17127709
56234.133,0.79839983,1.59679966,-0.0045505238922,-0.014041196,1.5978147,0.17222253,0.17128173
57323.582,0.79841086,1.59682172,-0.00443052799875,-0.014728529,1.5978368,0.17222253,0.17128646
58434.141,0.79842213,1.59684426,-0.00430792284613,-0.015447456,1.5978593,0.17222253,0.17129132
59566.215,0.79843363,1.59686726,-0.00418281733148,-0.016199171,1.5978823,0.17222251,0.17129628
60720.219,0.79844538,1.59689076,-0.00405499399282,-0.016984892,1.5979059,0.17222252,0.17130135
61896.582,0.79845742,1.59691484,-0.00392401781663,-0.017805855,1.5979299,0.17222252,0.17130652
63095.734,0.79846965,1.5969393,-0.00379097676263,-0.018663319,1.5979544,0.17222252,0.17131178
64318.117,0.79848217,1.59696434,-0.00365478312559,-0.019558562,1.5979795,0.17222252,0.17131716
65564.188,0.79849487,1.59698974,-0.00351663361481,-0.020492876,1.5980049,0.17222252,0.17132263
66834.391,0.79850781,1.59701562,-0.00337587566452,-0.021467566,1.5980309,0.1722225,0.1713282
68129.203,0.79852098,1.59704196,-0.0032326181763,-0.022483955,1.5980572,0.1722225,0.17133388
69449.109,0.7985344,1.5970688,-0.00308664372807,-0.023543364,1.5980841,0.1722225,0.17133965
70794.578,0.798548,1.597096,-0.00293871385409,-0.024647136,1.5981112,0.1722225,0.17134551
72166.117,0.79856183,1.59712366,-0.00278828480852,-0.025796604,1.5981389,0.1722225,0.17135145
73564.227,0.79857585,1.5971517,-0.00263579179023,-0.026993115,1.5981669,0.17222249,0.17135747
74989.422,0.79859004,1.59718008,-0.00248145243858,-0.028238002,1.5981953,0.17222249,0.1713636
76442.227,0.79860442,1.59720884,-0.00232504932534,-0.029532604,1.5982242,0.17222249,0.17136978
77923.18,0.79861897,1.59723794,-0.00216680008478,-0.030878243,1.5982533,0.17222249,0.17137604
79432.82,0.7986337,1.5972674,-0.00200659605848,-0.032276234,1.5982827,0.17222249,0.17138238
80971.711,0.79864862,1.59729724,-0.00184432859733,-0.033727876,1.5983126,0.17222247,0.17138879
82540.422,0.79866359,1.59732718,-0.00168152039106,-0.035234453,1.5983425,0.17222247,0.17139524
84139.516,0.79867874,1.59735748,-0.00151675767796,-0.036797222,1.5983728,0.17222247,0.17140176
85769.594,0.79869396,1.59738792,-0.00135123683201,-0.038417414,1.5984033,0.17222248,0.17140832
87431.242,0.79870935,1.5974187,-0.00118387040589,-0.040096232,1.5984341,0.17222248,0.17141492
89125.094,0.79872475,1.5974495,-0.00101639845769,-0.041834849,1.5984649,0.17222246,0.17142156
90851.758,0.79874026,1.59748052,-0.000847733544905,-0.043634395,1.5984959,0.17222246,0.17142824
92611.875,0.79875584,1.59751168,-0.000678310708047,-0.045495966,1.5985271,0.17222246,0.17143494
94406.086,0.79877142,1.59754284,-0.000508891175806,-0.047420616,1.5985583,0.17222246,0.17144165
96235.063,0.798787,1.597574,-0.000339474948053,-0.049409345,1.5985896,0.17222246,0.17144836
98099.469,0.79880264,1.59760528,-0.000169409606438,-0.051463112,1.5986208,0.17222245,0.17145509
100000,0.79881822,1.59763644,0,-0.053582821,1.598652,0.17222245,0.1714618
101937.35,0.79883381,1.59766762,0.000169515034461,-0.055769322,1.5986832,0.17222245,0.17146852
103912.23,0.79884934,1.59769868,0.000338374380676,-0.058023406,1.5987143,0.17222245,0.17147519
105925.38,0.79886481,1.59772962,0.000506578076818,-0.060345811,1.5987452,0.17222244,0.17148185
107977.52,0.79888022,1.59776044,0.000674126160918,-0.062737212,1.598776,0.17222244,0.17148848
110069.41,0.79889546,1.59779092,0.00083982270987,-0.065198231,1.5988066,0.17222244,0.17149505
112201.84,0.79891064,1.59782128,0.00100486376799,-0.067729408,1.5988369,0.17222244,0.17150157
114375.59,0.79892564,1.59785128,0.00116794473718,-0.07033125,1.5988669,0.17222244,0.17150804
116591.44,0.79894053,1.59788106,0.00132982675101,-0.073004185,1.5988967,0.17222242,0.17151444
118850.23,0.79895519,1.59791038,0.0014892052893,-0.075748582,1.5989261,0.17222242,0.17152077
121152.77,0.79896966,1.59793932,0.00164651534436,-0.078564759,1.5989551,0.17222243,0.17152701
123499.91,0.79898396,1.59796792,0.0018019744519,-0.081452955,1.5989837,0.17222243,0.17153317
125892.54,0.79899803,1.59799606,0.00195493045263,-0.084413385,1.5990118,0.17222243,0.17153923
128331.52,0.79901186,1.59802372,0.00210527477083,-0.087446196,1.5990395,0.17222243,0.17154518
130817.75,0.7990254,1.5980508,0.00225246401184,-0.090551478,1.5990667,0.17222241,0.17155102
133352.14,0.7990387,1.5980774,0.00239704185723,-0.093729274,1.5990932,0.17222241,0.17155676
135935.64,0.79905171,1.59810342,0.00253846492502,-0.096979607,1.5991192,0.17222242,0.17156238
138569.19,0.79906449,1.59812898,0.00267738557369,-0.10030242,1.5991448,0.17222242,0.17156785
141253.75,0.79907685,1.5981537,0.00281173864152,-0.10369769,1.5991696,0.17222242,0.1715732
143990.33,0.79908898,1.59817796,0.00294358959132,-0.1071653,1.5991938,0.1722224,0.17157843
146779.92,0.79910076,1.59820152,0.0030716341875,-0.11070513,1.5992173,0.1722224,0.1715835
149623.56,0.79911218,1.59822436,0.00319576390412,-0.11431706,1.5992402,0.17222241,0.17158843
152522.3,0.79912325,1.5982465,0.00331608760173,-0.11800094,1.5992624,0.17222241,0.17159322
155477.19,0.79913397,1.59826794,0.00343260543848,-0.12175664,1.5992838,0.17222241,0.17159784
158489.31,0.79914434,1.59828868,0.00354531756751,-0.12558399,1.5993046,0.17222241,0.17160233
161559.81,0.79915436,1.59830872,0.00365422413694,-0.12948287,1.5993246,0.17222241,0.17160665
164689.78,0.79916402,1.59832804,0.00375921660272,-0.13345315,1.5993439,0.1722224,0.17161083
167880.41,0.79917333,1.59834666,0.00386040379268,-0.1374947,1.5993625,0.1722224,0.17161484
171132.83,0.79918223,1.59836446,0.00395713373152,-0.14160749,1.5993804,0.1722224,0.1716187
174448.27,0.79919078,1.59838156,0.00405005866949,-0.14579142,1.5993974,0.1722224,0.17162241
177827.94,0.79919898,1.59839796,0.00413917872871,-0.15004653,1.5994139,0.1722224,0.17162595
181273.09,0.79920677,1.59841354,0.00422384193801,-0.15437285,1.5994294,0.17222241,0.17162933
184784.98,0.79921421,1.59842842,0.00430470050996,-0.15877045,1.5994444,0.17222241,0.17163257
188364.91,0.79922136,1.59844272,0.00438240662722,-0.16323949,1.5994586,0.17222241,0.17163566
192014.19,0.7992281,1.5984562,0.00445565623269,-0.16778015,1.5994722,0.17222241,0.17163859
195734.17,0.79923449,1.59846898,0.00452510150484,-0.17239276,1.599485,0.17222241,0.17164139
199526.23,0.79924059,1.59848118,0.00459139459561,-0.17707759,1.5994972,0.1722224,0.17164403
203391.75,0.79924634,1.59849268,0.00465388352121,-0.18183511,1.5995086,0.1722224,0.17164654
207332.16,0.79925175,1.5985035,0.004712677039,-0.1866658,1.5995195,0.1722224,0.1716489
211348.91,0.79925692,1.59851384,0.00476886196971,-0.19157022,1.5995298,0.17222241,0.17165114
215443.47,0.79926174,1.59852348,0.00482124295105,-0.19654905,1.5995394,0.17222241,0.17165326
219617.36,0.79926622,1.59853244,0.00486992872515,-0.20160306,1.5995485,0.17222241,0.17165525
223872.11,0.79927053,1.59854106,0.00491676679045,-0.20673304,1.5995569,0.17222241,0.17165712
228209.3,0.79927449,1.59854898,0.00495980107793,-0.21193996,1.5995649,0.17222242,0.17165888
232630.5,0.79927822,1.59855644,0.00500033570422,-0.21722483,1.5995724,0.17222242,0.17166053
237137.38,0.79928173,1.59856346,0.0050384793755,-0.22258875,1.5995794,0.17222242,0.17166208
241731.55,0.79928501,1.59857002,0.00507412345253,-0.22803297,1.5995859,0.17222242,0.17166355
246414.73,0.79928806,1.59857612,0.00510726796609,-0.23355877,1.5995921,0.17222243,0.1716649
251188.64,0.79929094,1.59858188,0.00513856496444,-0.23916756,1.5995978,0.17222243,0.17166618
256055.05,0.79929361,1.59858722,0.00516757978925,-0.24486086,1.5996031,0.17222243,0.17166739
261015.72,0.7992961,1.5985922,0.00519463847111,-0.25064026,1.5996081,0.17222244,0.17166852
266072.5,0.79929843,1.59859686,0.00521995836616,-0.25650742,1.5996127,0.17222244,0.17166958
271227.25,0.79930059,1.59860118,0.00524343082095,-0.26246419,1.5996171,0.17222244,0.17167058
276481.88,0.79930265,1.5986053,0.00526581652894,-0.2685124,1.5996212,0.17222245,0.17167154
281838.28,0.79930461,1.59860922,0.0052871154985,-0.27465401,1.5996251,0.17222245,0.17167243
287298.47,0.7993064,1.5986128,0.00530656706284,-0.28089116,1.5996287,0.17222244,0.17167329
292864.47,0.79930815,1.5986163,0.00532558391323,-0.2872259,1.599632,0.17222245,0.1716741
298538.25,0.7993098,1.5986196,0.00534351404832,-0.29366059,1.5996353,0.17222245,0.17167489
304322,0.79931134,1.59862268,0.00536024880768,-0.30019747,1.5996385,0.17222246,0.17167564
310217.78,0.79931291,1.59862582,0.00537730953566,-0.30683901,1.5996415,0.17222246,0.17167637
316227.78,0.79931437,1.59862874,0.00539317489593,-0.31358771,1.5996444,0.17222247,0.17167709
322354.19,0.79931579,1.59863158,0.005408605561,-0.32044615,1.5996473,0.17222247,0.1716778
328599.31,0.79931718,1.59863436,0.00542371019956,-0.32741702,1.5996501,0.17222248,0.17167849
334965.44,0.79931858,1.59863716,0.00543892347803,-0.33450305,1.5996529,0.17222248,0.17167919
341454.88,0.79932001,1.59864002,0.00545446272781,-0.34170708,1.5996557,0.17222249,0.17167989
348070.06,0.7993214,1.5986428,0.00546956728662,-0.34903201,1.5996585,0.17222249,0.17168058
354813.38,0.79932282,1.59864564,0.00548499781598,-0.35648087,1.5996612,0.1722225,0.1716813
361687.38,0.79932426,1.59864852,0.00550064564875,-0.36405672,1.5996642,0.17222251,0.17168203
368694.5,0.79932572,1.59865144,0.00551651078374,-0.37176271,1.599667,0.17222251,0.17168277
375837.41,0.79932727,1.59865454,0.0055333538748,-0.37960199,1.5996701,0.17222252,0.17168354
383118.69,0.79932879,1.59865758,0.00554987093883,-0.38757795,1.5996733,0.17222253,0.17168434
390541.03,0.79933046,1.59866092,0.00556801794006,-0.39569387,1.5996764,0.17222254,0.17168517
398107.16,0.79933216,1.59866432,0.0055864908964,-0.40395328,1.5996798,0.17222254,0.17168603
405819.91,0.79933389,1.59866778,0.00560528980574,-0.41235966,1.5996833,0.17222255,0.17168693
413682.03,0.79933571,1.59867142,0.00562506664911,-0.42091659,1.5996869,0.17222256,0.17168786
421696.5,0.79933769,1.59867538,0.00564658206494,-0.42962766,1.5996907,0.17222257,0.17168883
429866.25,0.79933964,1.59867928,0.00566777143752,-0.43849676,1.5996948,0.17222258,0.17168984
438194.25,0.79934174,1.59868348,0.00569059070404,-0.44752756,1.5996989,0.17222257,0.17169091
446683.59,0.79934395,1.5986879,0.00571460520072,-0.45672399,1.5997033,0.17222258,0.17169203
455337.41,0.79934625,1.5986925,0.00573959759283,-0.46608999,1.5997079,0.17222259,0.17169318
464158.88,0.79934866,1.59869732,0.0057657851961,-0.47562956,1.5997126,0.17222261,0.1716944
473151.25,0.79935116,1.59870232,0.00579295067622,-0.48534684,1.5997176,0.17222262,0.17169567
482317.84,0.79935384,1.59870768,0.00582207197657,-0.49524591,1.5997228,0.17222263,0.171697
491662.03,0.79935656,1.59871312,0.00585162782335,-0.50533109,1.5997283,0.17222264,0.17169837
501187.22,0.79935938,1.59871876,0.00588227017596,-0.5156067,1.599734,0.17222265,0.17169981
510896.97,0.79936238,1.59872476,0.00591486830475,-0.52607704,1.5997398,0.17222267,0.17170131
520794.84,0.79936549,1.59873098,0.00594866156911,-0.53674662,1.5997459,0.17222268,0.17170286
530884.44,0.79936871,1.59873742,0.00598364995509,-0.54761999,1.5997524,0.17222269,0.17170448
541169.5,0.79937199,1.59874398,0.00601929015366,-0.55870177,1.599759,0.17222269,0.17170617
551653.88,0.79937545,1.5987509,0.0060568860583,-0.56999658,1.5997658,0.17222271,0.1717079
562341.31,0.79937903,1.59875806,0.00609578569586,-0.58150927,1.5997729,0.17222273,0.17170971
573235.81,0.79938274,1.59876548,0.00613609770627,-0.59324463,1.5997802,0.17222274,0.17171157
584341.44,0.79938657,1.59877314,0.00617771341293,-0.60520752,1.5997878,0.17222276,0.1717135
595662.13,0.79939047,1.59878094,0.00622008951509,-0.61740311,1.5997956,0.17222278,0.17171548
607202.19,0.79939451,1.59878902,0.00626398659265,-0.62983635,1.5998036,0.1722228,0.17171753
618965.81,0.79939868,1.59879736,0.00630929596727,-0.64251244,1.5998119,0.17222282,0.17171964
630957.38,0.79940292,1.59880584,0.00635536568857,-0.65543663,1.5998203,0.17222284,0.17172182
643181.19,0.79940731,1.59881462,0.00640306497745,-0.66861414,1.599829,0.17222284,0.17172405
655641.88,0.79941179,1.59882358,0.00645174188603,-0.68205053,1.5998379,0.17222286,0.17172634
668343.94,0.79941635,1.5988327,0.00650128774497,-0.69575129,1.599847,0.17222289,0.17172869
681292.06,0.79942107,1.59884214,0.00655257175744,-0.70972182,1.5998562,0.17222291,0.17173109
694491.06,0.79942582,1.59885164,0.00660418142193,-0.72396795,1.5998657,0.17222293,0.17173356
707945.81,0.79943067,1.59886134,0.00665687728927,-0.73849537,1.5998754,0.17222296,0.17173607
721661.19,0.79943563,1.59887126,0.00671076798995,-0.75330994,1.5998852,0.17222299,0.17173865
735642.25,0.79944063,1.59888126,0.00676509295465,-0.76841757,1.5998952,0.17222301,0.17174128
749894.19,0.79944575,1.5988915,0.0068207213664,-0.78382422,1.5999052,0.17222303,0.17174394
764422.25,0.79945093,1.59890186,0.00687700131105,-0.79953613,1.5999155,0.17222306,0.17174666
779231.81,0.79945611,1.59891222,0.00693328089104,-0.81555943,1.5999258,0.17222309,0.17174943
794328.25,0.79946141,1.59892282,0.00699086386766,-0.8319004,1.5999362,0.17222312,0.17175224
809717.13,0.79946673,1.59893346,0.00704866375462,-0.8485655,1.5999467,0.17222315,0.1717551
825404.19,0.79947206,1.59894412,0.00710657190227,-0.86556112,1.5999574,0.17222319,0.171758
841395.13,0.79947748,1.59895496,0.00716545746515,-0.88289392,1.5999681,0.17222322,0.17176092
857695.88,0.79948293,1.59896586,0.00722466856035,-0.90057052,1.5999788,0.17222324,0.17176389
874312.44,0.79948836,1.59897672,0.00728366196571,-0.91859784,1.5999895,0.17222328,0.1717669
891250.94,0.79949382,1.59898764,0.00734298089749,-0.93698262,1.6000003,0.17222332,0.17176993
908517.56,0.79949928,1.59899856,0.00740229942416,-0.95573192,1.600011,0.17222336,0.17177299
926118.75,0.79950473,1.59900946,0.00746150890485,-0.97485288,1.6000218,0.17222341,0.17177608
944060.88,0.79951012,1.59902024,0.00752006614107,-0.99435278,1.6000325,0.17222345,0.1717792
962350.63,0.79951552,1.59903104,0.00757873162194,-1.0142388,1.6000431,0.1722235,0.17178232
980994.69,0.79952094,1.59904188,0.00763761398393,-1.0345184,1.6000537,0.17222353,0.17178549
1000000,0.79952626,1.59905252,0.0076954095673,-1.0551992,1.6000643,0.17222358,0.17178866
1019373.5,0.79953156,1.59906312,0.00775298749163,-1.0762889,1.6000746,0.17222364,0.17179184
1039122.3,0.79953677,1.59907354,0.00780958730561,-1.0977953,1.600085,0.17222369,0.17179503
1059253.8,0.79954192,1.59908384,0.00786553493585,-1.1197263,1.600095,0.17222375,0.17179823
1079775.1,0.79954701,1.59909402,0.00792083039495,-1.14209,1.600105,0.17222381,0.17180144
1100694.1,0.79955199,1.59910398,0.00797493052308,-1.1648946,1.6001148,0.17222387,0.17180465
1122018.5,0.79955686,1.59911372,0.00802783534258,-1.1881483,1.6001243,0.17222393,0.17180787
1143755.9,0.79956165,1.5991233,0.00807987077474,-1.2118597,1.6001336,0.172224,0.17181109
1165914.4,0.79956635,1.5991327,0.00813092820266,-1.2360373,1.6001428,0.17222405,0.17181429
1188502.3,0.79957087,1.59914174,0.00818002995662,-1.2606901,1.6001516,0.17222412,0.17181749
1211527.6,0.79957527,1.59915054,0.00822782785758,-1.2858267,1.6001601,0.1722242,0.1718207
1234999.1,0.79957956,1.59915912,0.00827443055776,-1.3114564,1.6001684,0.17222427,0.17182388
1258925.4,0.79958364,1.59916728,0.00831875177492,-1.3375885,1.6001763,0.17222435,0.17182705
1283315.1,0.79958758,1.59917516,0.00836155195134,-1.3642319,1.6001839,0.17222444,0.17183021
1308177.5,0.79959139,1.59918278,0.00840293973862,-1.3913968,1.6001912,0.17222452,0.17183335
1333521.4,0.79959497,1.59918994,0.00844182887085,-1.4190924,1.600198,0.17222461,0.17183647
1359356.4,0.79959833,1.59919666,0.00847832800974,-1.447329,1.6002045,0.17222471,0.17183958
1385691.9,0.79960154,1.59920308,0.00851319757953,-1.4761164,1.6002105,0.1722248,0.17184267
1412537.5,0.79960451,1.59920902,0.00854545995401,-1.505465,1.6002161,0.1722249,0.17184573
1439903.4,0.79960725,1.5992145,0.00857522378917,-1.5353855,1.6002213,0.17222501,0.17184876
1467799.3,0.79960983,1.59921966,0.00860324949693,-1.565888,1.6002259,0.17222512,0.17185178
1496235.6,0.79961209,1.59922418,0.00862779907362,-1.5969839,1.6002302,0.17222523,0.17185477
1525223,0.79961411,1.59922822,0.00864974155689,-1.628684,1.6002338,0.17222535,0.17185773
1554771.9,0.79961591,1.59923182,0.00866929421805,-1.6609997,1.600237,0.17222547,0.17186066
1584893.3,0.79961745,1.5992349,0.00868602257099,-1.6939424,1.6002395,0.1722256,0.17186356
1615598.1,0.79961862,1.59923724,0.00869873175267,-1.7275239,1.6002415,0.17222573,0.17186643
1646897.9,0.79961958,1.59923916,0.00870915978528,-1.7617562,1.6002429,0.17222587,0.17186927
1678804,0.79962028,1.59924056,0.00871676355117,-1.7966513,1.6002438,0.17222601,0.17187207
1711328.3,0.79962062,1.59924124,0.00872045680648,-1.8322219,1.6002439,0.17222616,0.17187486
1744482.8,0.79962062,1.59924124,0.00872045680648,-1.8684805,1.6002435,0.17222631,0.17187761
1778279.4,0.79962032,1.59924064,0.00871719805188,-1.9054399,1.6002423,0.17222647,0.17188032
1812730.9,0.79961968,1.59923936,0.00871024603796,-1.9431135,1.6002405,0.17222664,0.17188301
1847849.8,0.79961872,1.59923744,0.00869981800665,-1.9815147,1.6002379,0.17222682,0.17188566
1883649.1,0.79961741,1.59923482,0.00868558806873,-2.0206569,1.6002346,0.172227,0.17188827
1920142,0.79961571,1.59923142,0.00866712170232,-2.0605546,1.6002305,0.17222719,0.17189086
1957341.8,0.79961361,1.59922722,0.00864431025431,-2.1012217,1.6002258,0.17222738,0.17189343
1995262.4,0.79961119,1.59922238,0.00861802270184,-2.1426728,1.6002201,0.17222758,0.17189595
2033917.5,0.79960829,1.59921658,0.00858652098457,-2.1849228,1.6002137,0.17222779,0.17189845
2073321.6,0.79960509,1.59921018,0.00855176033638,-2.2279865,1.6002065,0.17222802,0.17190091
2113489,0.79960136,1.59920272,0.00851124228026,-2.27188,1.6001983,0.17222825,0.17190337
2154434.8,0.79959726,1.59919452,0.0084667047887,-2.3166184,1.6001893,0.17222849,0.17190577
2196173.5,0.79959271,1.59918542,0.00841727876854,-2.3622178,1.6001793,0.17222873,0.17190817
2238721.3,0.7995877,1.5991754,0.0083628555067,-2.4086949,1.6001684,0.172229,0.17191053
2282093,0.79958225,1.5991645,0.00830365216996,-2.456066,1.6001565,0.17222926,0.17191287
2326305,0.7995763,1.5991526,0.00823901687367,-2.5043484,1.6001437,0.17222953,0.17191519
2371373.8,0.79956982,1.59913964,0.00816862360047,-2.5535596,1.6001297,0.17222983,0.17191749
2417315.5,0.79956286,1.59912572,0.00809301537529,-2.603717,1.6001148,0.17223013,0.17191976
2464147.3,0.7995554,1.5991108,0.00801197479397,-2.6548386,1.6000988,0.17223044,0.17192202
2511886.5,0.79954738,1.59909476,0.00792484989397,-2.706943,1.6000817,0.17223077,0.17192426
2560550.5,0.79953878,1.59907756,0.00783142321971,-2.7600488,1.6000634,0.1722311,0.17192649
2610157.3,0.79952966,1.59905932,0.00773234639283,-2.8141754,1.600044,0.17223146,0.17192871
2660725,0.79951995,1.5990399,0.00762685874835,-2.8693423,1.6000232,0.17223182,0.1719309
2712272.5,0.79950959,1.59901918,0.00751430821141,-2.9255691,1.6000013,0.1722322,0.17193309
2764818.8,0.7994987,1.5989974,0.00739599820795,-2.9828763,1.5999781,0.17223259,0.17193528
2818383,0.79948709,1.59897418,0.00726986428065,-3.0412847,1.5999536,0.17223301,0.17193746
2872984.8,0.79947483,1.59894966,0.00713666660329,-3.1008152,1.5999276,0.17223342,0.17193962
2928644.5,0.79946193,1.59892386,0.00699651349763,-3.1614896,1.5999003,0.17223387,0.17194179
2985382.5,0.79944833,1.59889666,0.00684875273577,-3.2233294,1.5998716,0.17223434,0.17194397
3043220,0.79943398,1.59886796,0.00669284067704,-3.2863572,1.5998412,0.17223481,0.17194614
3102177.8,0.7994189,1.5988378,0.00652899418762,-3.3505958,1.5998095,0.17223531,0.17194832
3162277.8,0.79940305,1.5988061,0.00635677819975,-3.4160686,1.599776,0.17223583,0.17195051
3223542,0.79938638,1.59877276,0.00617564893088,-3.4827991,1.599741,0.17223637,0.17195271
3285993.3,0.79936891,1.59873782,0.00598582314211,-3.5508114,1.5997043,0.17223692,0.17195492
3349654.5,0.79935062,1.59870124,0.00578708293971,-3.6201301,1.5996657,0.1722375,0.17195714
3414548.8,0.79933146,1.59866292,0.00557888438972,-3.6907805,1.5996254,0.1722381,0.17195938
3480700.5,0.79931136,1.59862272,0.00536046614201,-3.762788,1.5995832,0.17223873,0.17196165
3548134,0.79929035,1.5985807,0.00513215343577,-3.8361787,1.5995391,0.17223938,0.17196393
3616873.5,0.79926841,1.59853682,0.00489372814489,-3.910979,1.599493,0.17224006,0.17196623
3686945,0.79924545,1.5984909,0.0046442113517,-3.9872161,1.5994448,0.17224076,0.17196858
3758374,0.79922147,1.59844294,0.00438360210051,-4.0649177,1.5993945,0.17224149,0.17197095
3831186.8,0.79919641,1.59839282,0.00411124729634,-4.1441121,1.5993419,0.17224225,0.17197336
3905410.3,0.79917031,1.59834062,0.00382758057989,-4.2248272,1.5992871,0.17224304,0.17197581
3981071.8,0.79914305,1.5982861,0.00353129656264,-4.307093,1.59923,0.17224387,0.17197829
4058199,0.79911459,1.59822918,0.00322195917806,-4.3909388,1.5991704,0.17224472,0.17198082
4136820.5,0.79908492,1.59816984,0.00289945833386,-4.4763953,1.5991083,0.1722456,0.17198341
4216965,0.79905401,1.59810802,0.00256346645767,-4.5634929,1.5990436,0.17224651,0.17198603
4298662.5,0.79902181,1.59804362,0.00221343845164,-4.6522631,1.5989762,0.17224748,0.17198872
4381942.5,0.79898823,1.59797646,0.00184839421939,-4.742739,1.5989059,0.17224847,0.17199148
4466836,0.7989533,1.5979066,0.00146865801577,-4.8349515,1.5988329,0.17224951,0.17199429
4553374,0.79891694,1.59783388,0.00107335814799,-4.9289354,1.5987568,0.17225057,0.17199717
4641589,0.79887907,1.59775814,0.000661622684147,-5.0247241,1.5986776,0.1722517,0.17200013
4731512.5,0.79883961,1.59767922,0.000232579437075,-5.1223521,1.5985953,0.17225286,0.17200316
4823178.5,0.79879862,1.59759724,-0.00021312173564,-5.2218542,1.5985096,0.17225405,0.17200627
4916620.5,0.79875592,1.59751184,-0.000677440766194,-5.3232676,1.5984204,0.17225531,0.17200947
5011872.5,0.79871159,1.59742318,-0.00115951064911,-5.4266267,1.5983278,0.17225661,0.17201276
5108970,0.79866539,1.59733078,-0.00166194445956,-5.5319713,1.5982315,0.17225797,0.17201614
5207948.5,0.79861741,1.59723482,-0.00218376687567,-5.6393372,1.5981313,0.17225937,0.17201963
5308844.5,0.79856751,1.59713502,-0.00272650414755,-5.7487641,1.5980272,0.17226083,0.17202322
5411695.5,0.79851565,1.5970313,-0.0032905952958,-5.8602913,1.5979192,0.17226235,0.17202693
5516538.5,0.79846176,1.59692352,-0.00387680595832,-5.9739583,1.5978067,0.17226392,0.17203075
5623413.5,0.79840573,1.59681146,-0.004486337306,-6.0898063,1.59769,0.17226556,0.1720347
5732358.5,0.79834749,1.59669498,-0.00511995583441,-6.2078772,1.5975688,0.17226725,0.17203876
5843414,0.79828706,1.59657412,-0.00577744919891,-6.328213,1.5974428,0.17226903,0.17204298
5956621.5,0.79822422,1.59644844,-0.00646121675129,-6.4508567,1.597312,0.17227087,0.17204734
6072022,0.79815895,1.5963179,-0.00717148234121,-6.5758528,1.5971762,0.17227277,0.17205184
6189658,0.79809116,1.59618232,-0.00790923196482,-6.7032459,1.5970352,0.17227476,0.1720565
6309573.5,0.7980208,1.5960416,-0.00867501683536,-6.8330808,1.5968888,0.17227681,0.17206133
6431812,0.79794774,1.59589548,-0.00947025945011,-6.9654045,1.5967368,0.17227896,0.17206632
6556418.5,0.79787182,1.59574364,-0.010296709706,-7.1002652,1.5965792,0.17228119,0.17207151
6683439,0.79779307,1.59558614,-0.0111540498829,-7.2377095,1.5964155,0.17228349,0.17207687
6812920.5,0.7977113,1.5954226,-0.012044357938,-7.3777877,1.5962457,0.1722859,0.17208245
6944910.5,0.79762642,1.59525284,-0.0129686240717,-7.5205493,1.5960696,0.1722884,0.17208821
7079458,0.79753828,1.59507656,-0.0139284927467,-7.6660452,1.5958867,0.17229098,0.1720942
7216611.5,0.79744688,1.59489376,-0.0149239757564,-7.8143271,1.5956971,0.17229368,0.17210041
7356422.5,0.79735196,1.59470392,-0.0159579176239,-7.9654485,1.5955004,0.17229648,0.17210686
7498942,0.79725352,1.59450704,-0.0170303320709,-8.1194618,1.5952964,0.1722994,0.17211355
7644222.5,0.79715136,1.59430272,-0.0181434125661,-8.2764234,1.5950848,0.17230241,0.17212049
7792318,0.7970454,1.5940908,-0.0192980465366,-8.4363877,1.5948653,0.17230555,0.17212771
7943282.5,0.79693542,1.59387084,-0.0204966483415,-8.5994126,1.5946378,0.17230881,0.1721352
8097171.5,0.79682142,1.59364284,-0.0217392361636,-8.7655548,1.594402,0.17231219,0.172143
8254042,0.79670311,1.59340622,-0.0230289905234,-8.9348742,1.5941574,0.17231572,0.17215109
8413951,0.79658039,1.59316078,-0.0243670228051,-9.1074317,1.5939039,0.17231936,0.1721595
8576959,0.79645318,1.59290636,-0.0257542277505,-9.2832856,1.5936412,0.17232316,0.17216824
8743125,0.7963212,1.5926424,-0.0271936829947,-9.4625009,1.5933688,0.1723271,0.17217733
8912509,0.7961844,1.5923688,-0.0286859599517,-9.645139,1.5930864,0.17233119,0.17218678
9085176,0.79604253,1.59208506,-0.0302338136439,-9.8312654,1.592794,0.17233545,0.1721966
9261187,0.79589541,1.59179082,-0.0318392381458,-10.020947,1.5924908,0.17233986,0.1722068
9440609,0.7957429,1.5914858,-0.0335037934967,-10.214249,1.5921768,0.17234444,0.17221742
9623506,0.7955848,1.5911696,-0.0352296971635,-10.411241,1.5918514,0.1723492,0.17222847
9809947,0.79542094,1.59084188,-0.0370188420363,-10.611992,1.5915144,0.17235415,0.17223995
10000000,0.79525107,1.59050214,-0.0388739976801,-10.816572,1.5911651,0.17235928,0.1722519
10193735,0.79507494,1.59014988,-0.0407979374743,-11.025056,1.5908035,0.1723646,0.17226432
10391223,0.79489245,1.5897849,-0.0427917997598,-11.237513,1.5904288,0.17237014,0.17227725
10592537,0.79470338,1.58940676,-0.0448580371399,-11.454021,1.5900408,0.17237588,0.17229069
10797752,0.79450737,1.58901474,-0.047000636838,-11.674656,1.589639,0.17238184,0.17230466
11006942,0.79430429,1.58860858,-0.0492210768332,-11.899495,1.5892229,0.17238803,0.17231921
11220185,0.79409381,1.58818762,-0.0515230262773,-12.128618,1.5887921,0.17239445,0.17233433
11437559,0.79387574,1.58775148,-0.0539086286528,-12.362105,1.588346,0.17240111,0.17235006
11659144,0.79364985,1.5872997,-0.056380469908,-12.600039,1.5878841,0.17240802,0.17236643
11885022,0.79341577,1.58683154,-0.0589426740609,-12.842501,1.5874059,0.1724152,0.17238345
12115277,0.79317324,1.58634648,-0.0615981681013,-13.08958,1.586911,0.17242264,0.17240114
12349992,0.79292206,1.58584412,-0.0643492282394,-13.341361,1.5863985,0.17243036,0.17241955
12589254,0.7926618,1.5853236,-0.0672006569333,-13.597933,1.5858681,0.17243837,0.17243868
12833152,0.79239222,1.58478444,-0.0701551835572,-13.859385,1.5853192,0.17244666,0.17245857
13081775,0.79211295,1.5842259,-0.0732169702529,-14.125811,1.5847509,0.17245527,0.17247926
13335214,0.79182372,1.58364744,-0.0763890918857,-14.397302,1.5841629,0.17246421,0.17250075
13593564,0.7915241,1.5830482,-0.0796763876416,-14.673957,1.5835541,0.17247345,0.1725231
13856919,0.79121379,1.58242758,-0.0830822812708,-14.955869,1.5829243,0.17248305,0.17254633
14125375,0.79089238,1.58178476,-0.0866114146247,-15.243141,1.5822724,0.17249298,0.17257046
14399033,0.79055947,1.58111894,-0.0902683322376,-15.535871,1.5815979,0.17250328,0.17259553
14677993,0.79021468,1.58042936,-0.0940573718494,-15.834162,1.5808998,0.17251395,0.17262157
14962357,0.78985764,1.57971528,-0.0979827745666,-16.13812,1.5801773,0.172525,0.17264862
15252230,0.78948782,1.57897564,-0.102050555614,-16.447852,1.5794299,0.17253644,0.17267671
15547718,0.78910476,1.57820952,-0.10626597762,-16.763467,1.5786563,0.17254829,0.17270586
15848932,0.78870809,1.57741618,-0.110633329445,-17.085073,1.5778559,0.17256054,0.17273612
16155981,0.78829725,1.5765945,-0.115159009719,-17.412784,1.5770275,0.17257324,0.17276752
16468979,0.78787174,1.57574348,-0.11984877714,-17.746716,1.5761705,0.17258637,0.1728001
16788040,0.78743105,1.5748621,-0.124708521983,-18.086985,1.5752835,0.17259995,0.17283388
17113284,0.78697465,1.5739493,-0.129744377915,-18.43371,1.5743657,0.172614,0.17286891
17444826,0.78650189,1.57300378,-0.134963828227,-18.787013,1.5734159,0.17262852,0.17290522
17782794,0.78601225,1.5720245,-0.140372948605,-19.147017,1.5724329,0.17264352,0.17294284
18127308,0.78550511,1.57101022,-0.145978947414,-19.513849,1.5714158,0.17265902,0.17298181
18478498,0.78497986,1.56995972,-0.151788953609,-19.887632,1.570363,0.17267505,0.17302217
18836490,0.78443573,1.56887146,-0.157811900428,-20.268502,1.5692735,0.17269158,0.17306395
19201420,0.78387214,1.56774428,-0.164054655241,-20.656587,1.5681459,0.17270865,0.17310718
19573418,0.78328831,1.56657662,-0.170526338702,-21.052025,1.5669786,0.17272625,0.17315189
19952624,0.78268356,1.56536712,-0.17723500585,-21.454951,1.5657705,0.17274443,0.17319813
20339176,0.78205701,1.56411402,-0.184190976121,-21.865504,1.56452,0.17276315,0.17324591
20733216,0.78140793,1.56281586,-0.19140295437,-22.283826,1.5632254,0.17278245,0.17329526
21134890,0.78073544,1.56147088,-0.198881364349,-22.710063,1.5618852,0.17280233,0.17334623
21544346,0.7800387,1.5600774,-0.206636243154,-23.144357,1.5604976,0.17282279,0.17339882
21961736,0.77931676,1.55863352,-0.21467891434,-23.58686,1.559061,0.17284386,0.17345308
22387212,0.77856876,1.55713752,-0.223019765917,-24.037721,1.5575734,0.17286553,0.17350901
22820930,0.77779364,1.55558728,-0.231671487821,-24.497093,1.5560332,0.17288779,0.17356663
23263050,0.77699039,1.55398078,-0.240646292472,-24.965134,1.554438,0.17291068,0.17362597
23713738,0.77615801,1.55231602,-0.249956364207,-25.441994,1.5527861,0.17293418,0.17368705
24173154,0.77529533,1.55059066,-0.259615880032,-25.927843,1.5510751,0.17295829,0.17374986
24641474,0.77440124,1.54880248,-0.269638445841,-26.422833,1.549303,0.172983,0.17381441
25118864,0.77347458,1.54694916,-0.280038333674,-26.927134,1.5474673,0.17300833,0.17388071
25605504,0.77251409,1.54502818,-0.290831053406,-27.440912,1.5455658,0.17303427,0.17394874
26101572,0.77151855,1.5430371,-0.302031790417,-27.964328,1.5435959,0.17306081,0.17401852
26607250,0.77048652,1.54097304,-0.313658341063,-28.497564,1.5415549,0.17308792,0.17409002
27122726,0.76941675,1.5388335,-0.325726509024,-29.04078,1.5394404,0.17311563,0.1741632
27648188,0.76830777,1.53661554,-0.33825473425,-29.594155,1.5372494,0.1731439,0.17423805
28183830,0.76715813,1.53431626,-0.351261402818,-30.157864,1.5349791,0.1731727,0.17431455
28729848,0.76596625,1.5319325,-0.364766556558,-30.732082,1.5326265,0.17320203,0.17439264
29286446,0.76473066,1.52946132,-0.378789189829,-31.316988,1.5301885,0.17323186,0.17447227
29853826,0.76344962,1.52689924,-0.393351574665,-31.912764,1.5276619,0.17326215,0.17455339
30432198,0.76212152,1.52424304,-0.408474740855,-32.519585,1.5250434,0.17329288,0.17463592
31021776,0.76074466,1.52148932,-0.424180989274,-33.137636,1.5223295,0.173324,0.17471978
31622776,0.75931714,1.51863428,-0.440495174423,-33.767099,1.5195168,0.17335547,0.17480488
32235420,0.75783713,1.51567426,-0.457441648298,-34.408158,1.5166016,0.17338725,0.17489112
32859932,0.75630283,1.51260566,-0.475044730424,-35.060993,1.5135802,0.17341927,0.1749784
33496544,0.75471221,1.50942442,-0.493331715681,-35.725791,1.5104486,0.17345147,0.17506655
34145488,0.75306322,1.50612644,-0.512330501017,-36.402737,1.5072028,0.17348378,0.17515546
34807004,0.75135384,1.50270768,-0.532069033388,-37.092008,1.5038389,0.17351614,0.17524494
35481340,0.74958194,1.49916388,-0.552576952786,-37.793792,1.5003525,0.17354845,0.17533484
36168736,0.74774531,1.49549062,-0.573885285332,-38.508271,1.4967394,0.17358062,0.17542497
36869452,0.74584169,1.49168338,-0.596026134424,-39.235626,1.4929949,0.17361253,0.17551512
37583740,0.74386889,1.48773778,-0.619031318552,-39.976033,1.4891148,0.1736441,0.17560504
38311868,0.74182448,1.48364896,-0.642936023522,-40.729671,1.4850943,0.17367521,0.17569451
39054104,0.7397061,1.4794122,-0.667775237345,-41.496719,1.4809285,0.17370569,0.17578322
39810716,0.73751135,1.4750227,-0.693585073683,-42.277344,1.4766128,0.17373544,0.17587093
40581988,0.73523775,1.4704755,-0.720403293256,-43.071719,1.4721422,0.17376426,0.1759573
41368204,0.73288274,1.46576548,-0.748269363705,-43.880013,1.4675117,0.17379204,0.176042
42169652,0.73044386,1.46088772,-0.777222383674,-44.702384,1.4627161,0.17381854,0.17612468
42986624,0.72791848,1.45583696,-0.807304336968,-45.538988,1.4577505,0.1738436,0.17620494
43819424,0.72530401,1.45060802,-0.838557668842,-46.389986,1.4526094,0.17386701,0.1762824
44668360,0.72259785,1.4451957,-0.871025939133,-47.255521,1.4472877,0.17388852,0.17635661
45533740,0.71979741,1.43959482,-0.904753647503,-48.135736,1.4417802,0.17390792,0.17642712
46415888,0.7169,1.4338,-0.939787632307,-49.030764,1.4360815,0.17392494,0.17649344
47315124,0.71390298,1.42780596,-0.976175343821,-49.940734,1.4301865,0.17393931,0.17655508
48231784,0.71080379,1.42160758,-1.01396454415,-50.865769,1.4240896,0.17395074,0.17661147
49166204,0.70759981,1.41519962,-1.05320508755,-51.805977,1.4177859,0.17395892,0.17666207
50118724,0.70428845,1.4085769,-1.09394791553,-52.761463,1.41127,0.17396353,0.17670629
51089696,0.70086725,1.4017345,-1.13624390358,-53.732324,1.4045369,0.17396422,0.17674352
52079484,0.69733374,1.39466748,-1.18014566513,-54.718642,1.3975816,0.17396063,0.17677311
53088444,0.69368551,1.38737102,-1.22570678272,-55.72049,1.3903992,0.17395237,0.1767944
54116952,0.6899202,1.3798404,-1.27298202539,-56.737929,1.382985,0.17393906,0.1768067
55165388,0.68603561,1.37207122,-1.32202605636,-57.771008,1.3753344,0.17392025,0.17680931
56234132,0.68202964,1.36405928,-1.37289426277,-58.819766,1.367443,0.17389553,0.17680149
57323584,0.67790031,1.35580062,-1.42564258983,-59.88423,1.3593068,0.17386442,0.17678249
58434140,0.67364568,1.34729136,-1.48032865893,-60.964407,1.3509219,0.17382644,0.17675155
59566216,0.66926413,1.33852826,-1.53700825798,-62.060297,1.3422849,0.17378112,0.17670788
60720220,0.66475407,1.32950814,-1.59573913987,-63.171881,1.3333923,0.17372793,0.17665068
61896580,0.66011419,1.32022838,-1.65657786867,-64.299125,1.3242413,0.17366634,0.17657915
63095736,0.65534323,1.31068646,-1.71958289353,-65.441984,1.3148296,0.17359581,0.17649247
64318120,0.65044041,1.30088082,-1.78480894209,-66.600396,1.305155,0.17351578,0.17638983
65564184,0.64540487,1.29080974,-1.85231447773,-67.774282,1.2952158,0.17342565,0.17627041
66834392,0.64023632,1.28047264,-1.9221530876,-68.963549,1.2850112,0.17332486,0.17613339
68129208,0.63493443,1.26986886,-1.99438168409,-70.168085,1.2745404,0.1732128,0.17597795
69449104,0.62949933,1.25899866,-2.06905379587,-71.387765,1.2638034,0.17308888,0.1758033
70794576,0.6239314,1.2478628,-2.14622238994,-72.622448,1.2528008,0.17295244,0.17560864
72166120,0.61823132,1.23646264,-2.22593918153,-73.871979,1.2415335,0.17280289,0.17539323
73564224,0.61240012,1.22480024,-2.3082538975,-75.136186,1.2300036,0.17263959,0.17515628
74989424,0.60643904,1.21287808,-2.39321620843,-76.414882,1.2182131,0.17246191,0.17489709
76442224,0.60034978,1.20069956,-2.4808721236,-77.70787,1.2061654,0.17226924,0.17461496
77923176,0.59413435,1.1882687,-2.57126600148,-79.014936,1.193864,0.17206092,0.17430922
79432824,0.58779504,1.17559008,-2.66444089926,-80.335853,1.1813134,0.17183634,0.17397928
80971712,0.58133446,1.16266892,-2.76043788861,-81.670384,1.1685186,0.17159489,0.17362454
82540416,0.5747557,1.1495114,-2.85929350057,-83.018283,1.1554854,0.17133595,0.17324446
84139512,0.56806213,1.13612426,-2.96104248213,-84.379291,1.1422203,0.17105894,0.17283858
85769592,0.56125736,1.12251472,-3.06571825739,-85.753143,1.1287303,0.17076326,0.17240643
87431248,0.55434541,1.10869082,-3.17335012192,-87.139565,1.1150233,0.17044837,0.17194765
89125096,0.54733063,1.09466126,-3.28396417932,-88.538278,1.1011075,0.1701137,0.17146191
90851760,0.54021767,1.08043534,-3.39758353126,-89.949,1.0869921,0.16975873,0.17094894
92611872,0.53301141,1.06602282,-3.51422912152,-91.371442,1.0726866,0.16938296,0.17040854
94406088,0.52571714,1.05143428,-3.63391650825,-92.805318,1.0582014,0.1689859,0.16984055
96235064,0.51834017,1.03668034,-3.75666190355,-94.250339,1.0435468,0.16856712,0.16924489
98099472,0.51088633,1.02177266,-3.88247359527,-95.706217,1.0287344,0.16812617,0.16862153
100000000,0.50336146,1.00672292,-4.0113600277,-97.172669,1.0137755,0.16766268,0.16797051
101937350,0.49577164,0.99154328,-4.14332564269,-98.649415,0.99868212,0.16717628,0.16729192
103912230,0.48812317,0.97624634,-4.27837077941,-100.13618,0.98346671,0.16666662,0.16658591
105925380,0.48042242,0.96084484,-4.41649390925,-101.6327,0.96814184,0.1661334,0.16585268
107977520,0.47267589,0.94535178,-4.5576902279,-103.13871,0.95272033,0.16557637,0.16509251
110069420,0.46489018,0.92978036,-4.70195178881,-104.65397,0.93721538,0.1649953,0.16430571
112201850,0.45707196,0.91414392,-4.84926765129,-106.17823,0.92164005,0.16438996,0.16349263
114375580,0.44922791,0.89845582,-4.9996246274,-107.71129,0.90600762,0.16376021,0.16265368
116591440,0.44136471,0.88272942,-5.15300712953,-109.25291,0.89033141,0.16310592,0.1617893
118850220,0.43348901,0.86697802,-5.30939740941,-110.80291,0.87462465,0.16242699,0.1609
121152770,0.42560747,0.85121494,-5.46877440357,-112.36109,0.85890053,0.16172336,0.15998629
123499920,0.41772658,0.83545316,-5.63111703278,-113.92731,0.84317211,0.16099499,0.15904873
125892540,0.40985285,0.8197057,-5.79640005216,-115.5014,0.82745228,0.1602419,0.15808787
128331520,0.40199257,0.80398514,-5.96459871753,-117.08322,0.81175369,0.15946411,0.15710436
130817740,0.39415194,0.78830388,-6.13568587035,-118.67268,0.79608872,0.15866171,0.15609879
133352140,0.38633706,0.77267412,-6.30963182932,-120.26965,0.78046957,0.15783479,0.15507181
135935630,0.37855373,0.75710746,-6.4864086446,-121.87407,0.76490801,0.15698348,0.15402407
138569180,0.37080766,0.74161532,-6.66598529901,-123.48587,0.74941541,0.15610796,0.15295621
141253760,0.36310437,0.72620874,-6.84832972553,-125.105,0.73400283,0.1552084,0.15186892
143990340,0.3554491,0.7108982,-7.03341086146,-126.73144,0.71868096,0.15428502,0.15076287
146779920,0.34784691,0.69569382,-7.22119624446,-128.36516,0.70345991,0.15333809,0.1496387
149623570,0.34030263,0.68060526,-7.41165312969,-130.00619,0.68834958,0.15236788,0.14849708
152522290,0.33282086,0.66564172,-7.60474847065,-131.65453,0.67335922,0.15137468,0.14733869
155477180,0.32540594,0.65081188,-7.80044971327,-133.31023,0.65849764,0.15035883,0.14616416
158489310,0.31806201,0.63612402,-7.99872325698,-134.97335,0.64377331,0.14932069,0.14497415
161559810,0.31079292,0.62158584,-8.1995369036,-136.64394,0.62919401,0.14826062,0.14376929
164689790,0.30360232,0.60720464,-8.40285752143,-138.3221,0.61476728,0.14717905,0.1425502
167880400,0.29649357,0.59298714,-8.60865365323,-140.00792,0.60049999,0.1460764,0.1413175
171132830,0.28946985,0.5789397,-8.81689251852,-141.70151,0.58639863,0.14495312,0.1400718
174448270,0.28253407,0.56506814,-9.02754272642,-143.403,0.57246924,0.14380968,0.13881368
177827940,0.27568892,0.55137784,-9.24057299877,-145.11252,0.55871739,0.14264659,0.13754371
181273090,0.26893684,0.53787368,-9.45595328758,-146.83024,0.54514816,0.14146436,0.13626249
184784980,0.26228008,0.52456016,-9.67365309079,-148.5563,0.53176623,0.14026355,0.13497054
188364910,0.25572067,0.51144134,-9.89364256733,-150.29088,0.51857585,0.13904469,0.13366843
192014190,0.24926044,0.49852088,-10.1158920938,-152.03416,0.50558087,0.13780839,0.13235667
195734180,0.24290098,0.48580196,-10.3403739001,-153.78633,0.49278472,0.13655523,0.13103581
199526220,0.23664372,0.47328744,-10.5670595652,-155.54761,0.48019041,0.13528585,0.12970636
203391740,0.23048991,0.46097982,-10.7959208735,-157.3182,0.46780063,0.13400088,0.12836882
207332160,0.22444057,0.44888114,-11.0269319803,-159.09833,0.45561769,0.13270097,0.12702368
211348900,0.21849664,0.43699328,-11.2600639828,-160.88822,0.44364358,0.1313868,0.12567145
215443470,0.2126588,0.4253176,-11.4952920622,-162.68813,0.4318799,0.13005904,0.12431261
219617360,0.20692762,0.41385524,-11.7325899861,-164.4983,0.42032797,0.12871841,0.12294765
223872110,0.20130352,0.40260704,-11.9719318592,-166.31899,0.40898882,0.12736562,0.12157704
228209300,0.19578676,0.39157352,-12.2132928506,-168.15047,0.39786315,0.12600138,0.12020126
232630510,0.19037747,0.38075494,-12.4566482197,-169.99303,0.38695141,0.12462643,0.11882077
237137380,0.18507566,0.37015132,-12.7019731041,-171.84694,0.37625379,0.12324153,0.11743605
241731550,0.17988119,0.35976238,-12.9492442006,-173.71252,0.36577017,0.12184742,0.11604756
246414740,0.17479384,0.34958768,-13.1984367726,-175.59006,0.35550027,0.12044487,0.11465577
251188640,0.16981324,0.33962648,-13.449528274,-177.47988,0.34544356,0.11903463,0.11326113
256055040,0.16493896,0.32987792,-13.702494203,-179.38232,0.33559926,0.11761748,0.11186411
261015730,0.1601704,0.3203408,-13.9573140368,178.70229,0.32596639,0.11619418,0.11046516
266072510,0.15550695,0.3110139,-14.2139631697,176.7736,0.31654379,0.11476551,0.10906475
271227260,0.15094785,0.3018957,-14.472420608,174.83123,0.30733013,0.11333223,0.10766332
276481890,0.14649226,0.29298452,-14.7326656579,172.87483,0.29832388,0.11189512,0.10626133
281838300,0.14213929,0.28427858,-14.9946764047,170.90399,0.28952334,0.11045493,0.10485923
287298500,0.13788795,0.2757759,-15.2584329415,168.91833,0.28092666,0.10901242,0.10345746
292864450,0.1337372,0.2674744,-15.5239147137,166.91742,0.27253188,0.10756835,0.10205646
298538270,0.12968591,0.25937182,-15.7911033639,164.90083,0.26433683,0.10612346,0.10065668
304321980,0.12573291,0.25146582,-16.0599798978,162.86813,0.25633925,0.10467847,0.099258544
310217760,0.12187694,0.24375388,-16.3305284055,160.81885,0.24853676,0.10323411,0.097862477
316227780,0.11811673,0.23623346,-16.6027309352,158.75252,0.24092685,0.1017911,0.096468907
322354210,0.11445092,0.22890184,-16.8765734791,156.66865,0.23350694,0.10035012,0.095078242
328599330,0.11087812,0.22175624,-17.1520421675,154.56672,0.2262743,0.098911857,0.093690881
334965440,0.10739691,0.21479382,-17.4291235176,152.44622,0.21922613,0.097476973,0.092307232
341454880,0.10400582,0.20801164,-17.7078063919,150.30658,0.21235956,0.096046123,0.090927676
348070050,0.10070333,0.20140666,-17.9880826042,148.14726,0.20567162,0.094619937,0.089552586
354813380,0.097487891,0.194975782,-18.269945736,145.96767,0.19915926,0.093199025,0.088182326
361687360,0.094357952,0.188715904,-18.5533891173,143.76719,0.1928194,0.091783983,0.086817256
368694500,0.091311906,0.182623812,-18.8384110775,141.54521,0.18664889,0.090375391,0.085457708
375837410,0.088348126,0.176696252,-19.1250124023,139.30106,0.1806445,0.088973796,0.084104006
383118690,0.085464976,0.170929952,-19.4131957399,137.03409,0.17480299,0.087579734,0.082756465
390541020,0.082660802,0.165321604,-19.7029669476,134.74359,0.16912106,0.086193723,0.081415374
398107170,0.079933919,0.159867838,-19.9943371184,132.42884,0.16359536,0.084816258,0.080081022
405819900,0.077282646,0.154565292,-20.2873195797,130.0891,0.15822255,0.083447797,0.078753662
413682050,0.07470528,0.14941056,-20.581933283,127.7236,0.15299924,0.082088811,0.077433548
421696510,0.07220012,0.14440024,-20.8782008523,125.33153,0.14792201,0.080739714,0.076120908
429866240,0.069765452,0.139530904,-21.1761509939,122.91207,0.14298744,0.079400922,0.074815941
438194240,0.067399567,0.134799134,-21.4758171105,120.46435,0.13819211,0.078072828,0.073518856
446683580,0.065100743,0.130201486,-21.7772403353,117.98751,0.13353256,0.076755792,0.072229807
455337410,0.062867269,0.125734538,-22.0804673462,115.48062,0.12900536,0.075450162,0.070948968
464158880,0.060697431,0.121394862,-22.3855530383,112.94273,0.12460706,0.074156264,0.069676463
473151260,0.058589526,0.117179052,-22.69255955,110.37286,0.12033423,0.072874418,0.068412413
482317860,0.05654185,0.1130837,-23.0015589576,107.77001,0.11618344,0.071604898,0.067156906
491662020,0.054552716,0.109105432,-23.3126316889,105.13312,0.11215127,0.070347989,0.065910025
501187230,0.052620432,0.105240864,-23.6258710559,102.46111,0.10823433,0.06910393,0.064671827
510896990,0.050743331,0.101486662,-23.9413797862,99.752879,0.10442922,0.067872966,0.063442349
520794850,0.048919754,0.097839508,-24.2592739509,97.007265,0.10073259,0.066655312,0.062221614
530884450,0.047148056,0.094296112,-24.5796834262,94.223082,0.097141095,0.065451168,0.061009624
541169540,0.045426605,0.09085321,-24.9027536276,91.399108,0.093651426,0.064260727,0.059806359
551653890,0.043753795,0.08750759,-25.2286446867,88.534086,0.090260299,0.063084147,0.058611794
562341310,0.042128027,0.084256054,-25.557536838,85.626719,0.086964462,0.061921585,0.057425875
573235840,0.040547723,0.081095446,-25.8896298207,82.675678,0.083760696,0.060773189,0.056248545
584341440,0.039011343,0.078022686,-26.2251412092,79.679599,0.080645835,0.059639086,0.055079723
595662140,0.037517343,0.075034686,-26.5643177639,76.637083,0.07761672,0.058519383,0.05391933
607202180,0.036064232,0.072128464,-26.9074254765,73.546705,0.074670281,0.057414184,0.052767271
618965820,0.034650524,0.069301048,-27.2547631084,70.407004,0.071803458,0.056323577,0.051623439
630957380,0.033274773,0.066549546,-27.6066572119,67.216503,0.069013256,0.055247628,0.050487736
643181180,0.031935561,0.063871122,-27.963468247,63.973697,0.066296744,0.054186407,0.049360053
655641860,0.030631507,0.061263014,-28.3255919675,60.67707,0.063651043,0.053139959,0.04824029
668343940,0.02936126,0.05872252,-28.6934654636,57.32509,0.061073337,0.052108317,0.047128362
681292100,0.028123517,0.056247034,-29.067566627,53.91623,0.05856089,0.051091504,0.046024182
694491070,0.026917014,0.053834028,-29.4484216321,50.448974,0.056111049,0.05008953,0.044927706
707945790,0.025740533,0.051481066,-29.8366085312,46.921811,0.053721237,0.049102385,0.043838893
721661180,0.024592912,0.049185824,-30.2327601247,43.333275,0.051388985,0.04813005,0.042757759
735642240,0.023473045,0.04694609,-30.637570613,39.681935,0.049111925,0.047172483,0.041684344
749894210,0.022379888,0.044759776,-31.0518010645,35.966432,0.046887813,0.046229635,0.040618754
764422270,0.021312465,0.04262493,-31.4762855775,32.185489,0.044714527,0.04530143,0.03956116
779231810,0.020269873,0.040539746,-31.9119386871,28.337929,0.042590102,0.044387778,0.038511794
794328260,0.019251296,0.038502592,-32.3597598081,24.422713,0.040512714,0.043488567,0.037470992
809717120,0.018256002,0.036512004,-32.820845747,20.438957,0.038480732,0.042603663,0.036439179
825404160,0.017283353,0.034566706,-33.2963992363,16.385973,0.036492697,0.041732913,0.035416894
841395140,0.016332818,0.032665636,-33.7877367869,12.2633,0.034547365,0.040876137,0.034404795
857695870,0.015403972,0.030807944,-34.2963048295,8.070737,0.032643712,0.040033135,0.033403681
874312450,0.014496508,0.028993016,-34.8236912491,3.808402,0.030780951,0.039203678,0.032414496
891250940,0.013610237,0.027220474,-35.3716454841,-0.52323563,0.028958539,0.038387522,0.031438327
908517570,0.012745094,0.025490188,-35.9420983819,-4.9232964,0.027176201,0.037584398,0.030476429
926118720,0.011901146,0.023802292,-36.5371835794,-9.3904361,0.025433923,0.036794009,0.029530207
944060860,0.01107858,0.02215716,-37.1592772771,-13.92278,0.023731968,0.03601605,0.028601216
962350660,0.010277712,0.020555424,-37.8110303639,-18.517857,0.022070868,0.035250201,0.027691151
980994690,0.009498973,0.018997946,-38.4954261754,-23.172505,0.020451422,0.034496131,0.026801831
1e+09,0.0087429055,0.017485811,-39.2158435555,-27.882782,0.018874674,0.033753506,0.025935158
